{"CI": {"mean": [81.38211409533092, 93.29933473248934, 85.97764341682901], "std": [28.51559100065183, 24.768352957640932, 22.965111939929496]}, "HT": {"mean": [71.54961530198783, 84.03953489296615, 78.92440545298155], "std": [37.895478556326076, 33.68274478952291, 30.985777312545]}, "HN": {"mean": [68.17473015095476, 82.92451090726996, 76.38352058610594], "std": [35.52534408698998, 31.75325490248033, 28.82766839651473]}, "LB": {"mean": [68.3342714267192, 86.96667354844897, 81.44216830471154], "std": [22.278503098433188, 21.0286438093394, 19.979676955773037]}, "BO": {"mean": [107.90434113983636, 107.1191269789448, 96.91340255463786], "std": [39.87960931337285, 35.72836727991402, 32.80577052610399]}, "BJ": {"mean": [95.44576324538735, 99.12857714083387, 90.98875222617703], "std": [28.559524402701836, 24.081158342704946, 21.941381738660446]}, "GH": {"mean": [82.47505515488002, 89.66990590041729, 82.61111127775943], "std": [29.026774326054014, 25.082890532338315, 23.239809890326065]}, "CO": {"mean": [68.55466419831801, 81.53528836878475, 70.18740001525131], "std": [32.98891898783623, 29.193437578149993, 27.55263948398632]}, "NG": {"mean": [103.26802233938619, 98.77697186751789, 87.51862482541911], "std": [32.48868675474024, 27.51168042451118, 24.908134457146833]}, "RW": {"mean": [73.41581000451258, 79.86920712545096, 73.93571364685408], "std": [31.719835065732468, 26.556422334024663, 23.23957045307964]}, "TJ": {"mean": [117.86911822453703, 117.0523530654812, 108.1876271188557], "std": [44.9235675677123, 40.101087010855004, 37.824285108497364]}, "PH": {"mean": [65.40841087200246, 79.13307464660491, 68.09532310899502], "std": [28.886819207423287, 25.536132862524443, 24.434754057232112]}, "DR": {"mean": [66.97461109510566, 81.08755867310924, 71.2943425733674], "std": [32.65705937113762, 28.785663580461286, 27.15474948594595]}, "AL": {"mean": [71.11033033454804, 83.76042757466183, 74.91889752451577], "std": [34.75086710035962, 30.583401091479544, 28.673756280593064]}, "EG": {"mean": [76.06121980428276, 86.24541828539424, 77.3960186802231], "std": [36.66283126700097, 32.049158037056316, 30.05210446005692]}, "NM": {"mean": [89.8827043103357, 98.99375014177784, 90.7594154093527], "std": [35.04602934634499, 31.01539352655821, 29.197368230379055]}, "global": {"mean": [81.7381738561328, 90.60010711563457, 82.22089792012729], "std": [33.23783996580109, 29.216111816222597, 27.11140992354813]}}